<keymap version="1" name="GNOME copy" parent="Default for GNOME">
  <action id="Back">
    <mouse-shortcut keystroke="button4" />
    <keyboard-shortcut first-keystroke="shift ctrl h" />
  </action>
  <action id="ChangesView.ShelveSilently" />
  <action id="EditorJoinLines" />
  <action id="ExpressionTypeInfo" />
  <action id="FindPrevious">
    <keyboard-shortcut first-keystroke="shift f3" />
  </action>
  <action id="Forward">
    <mouse-shortcut keystroke="button5" />
    <keyboard-shortcut first-keystroke="shift ctrl l" />
  </action>
  <action id="GotoImplementation">
    <mouse-shortcut keystroke="control alt button1" />
    <keyboard-shortcut first-keystroke="shift ctrl i" />
  </action>
  <action id="MethodHierarchy" />
  <action id="MethodHierarchy.BaseOnThisMethod" />
  <action id="QuickImplementations" />
  <action id="RecentLocations" />
  <action id="RenameElement">
    <keyboard-shortcut first-keystroke="shift f6" />
    <keyboard-shortcut first-keystroke="shift ctrl r" />
  </action>
  <action id="ReplaceInPath" />
  <action id="ShowErrorDescription">
    <keyboard-shortcut first-keystroke="ctrl f1" />
    <keyboard-shortcut first-keystroke="shift ctrl e" />
  </action>
  <action id="ShowReformatFileDialog">
    <keyboard-shortcut first-keystroke="shift ctrl alt l" />
    <keyboard-shortcut first-keystroke="shift ctrl p" />
  </action>
  <action id="ShowSettings">
    <keyboard-shortcut first-keystroke="ctrl alt s" />
    <keyboard-shortcut first-keystroke="shift ctrl s" />
  </action>
  <action id="org.intellij.plugins.markdown.ui.actions.styling.ToggleStrikethroughAction" />
</keymap>